{"best_score": -4.091191927913628, "best_params": {"alpha": 0.11787686347935866, "l1_ratio": 0.75}, "completed": [[0.03162277660168379, 0.75], [1.637893706954063, 0.75], [0.11787686347935866, 0.75], [3.1622776601683795, 0.75], [0.005179474679231213, 0.75], [0.1, 0.75], [0.0517947467923121, 0.75], [0.026826957952797246, 0.75], [0.019306977288832496, 0.75], [0.0019306977288832496, 0.75], [0.043939705607607904, 0.75], [0.43939705607607904, 0.75], [0.6105402296585326, 0.75], [0.08483428982440717, 0.75], [0.7196856730011514, 0.75], [1.9306977288832496, 0.75], [0.0026826957952797246, 0.75], [1.0, 0.75], [0.01, 0.75], [0.0013894954943731374, 0.75], [0.016378937069540637, 0.75], [0.004393970560760791, 0.75], [0.22758459260747887, 0.75], [2.6826957952797246, 0.75], [0.011787686347935873, 0.75], [0.0071968567300115215, 0.75], [0.19306977288832497, 0.75], [0.2682695795279725, 0.75], [0.006105402296585327, 0.75], [0.1637893706954063, 0.75], [1.1787686347935866, 0.75], [0.0011787686347935879, 0.75], [2.2758459260747865, 0.75], [0.0022758459260747888, 0.75], [0.0016378937069540646, 0.75], [0.5179474679231207, 0.75], [0.061054022965853265, 0.75], [1.3894954943731375, 0.75], [0.008483428982440717, 0.75], [0.13894954943731375, 0.75], [0.0031622776601683794, 0.75], [0.001, 0.75], [0.3727593720314938, 0.75], [0.8483428982440717, 0.75], [0.022758459260747876, 0.75], [0.003727593720314938, 0.75], [0.0372759372031494, 0.75], [0.07196856730011518, 0.75], [0.31622776601683794, 0.75], [0.013894954943731374, 0.75]]}