{"best_score": -4.072286045722292, "best_params": {"alpha": 0.26366508987303583, "l1_ratio": 0.3}, "completed": [[0.18329807108324356, 0.3], [0.01, 0.1], [0.04281332398719394, 0.7], [2.3357214690901213, 0.1], [0.01438449888287663, 0.3], [0.0206913808111479, 0.7], [0.7847599703514611, 0.3], [1.623776739188721, 0.9], [0.12742749857031335, 0.7], [4.832930238571752, 0.7], [6.951927961775605, 0.9], [0.08858667904100823, 0.7], [0.37926901907322497, 0.3], [0.5455594781168517, 0.3], [0.029763514416313176, 0.9], [3.359818286283781, 0.7], [0.06158482110660264, 0.3], [0.26366508987303583, 0.9], [10.0, 0.7], [0.37926901907322497, 0.7], [0.01, 0.7], [0.18329807108324356, 0.9], [0.04281332398719394, 0.3], [0.01438449888287663, 0.9], [0.0206913808111479, 0.3], [0.7847599703514611, 0.9], [0.12742749857031335, 0.3], [1.1288378916846884, 0.1], [4.832930238571752, 0.3], [0.08858667904100823, 0.3], [0.37926901907322497, 0.9], [0.5455594781168517, 0.9], [3.359818286283781, 0.3], [0.06158482110660264, 0.9], [10.0, 0.3], [0.01, 0.3], [0.04281332398719394, 0.9], [1.623776739188721, 0.1], [0.0206913808111479, 0.9], [1.1288378916846884, 0.7], [2.3357214690901213, 0.7], [0.12742749857031335, 0.9], [6.951927961775605, 0.1], [4.832930238571752, 0.9], [0.029763514416313176, 0.1], [0.08858667904100823, 0.9], [3.359818286283781, 0.9], [0.26366508987303583, 0.1], [10.0, 0.9], [0.18329807108324356, 0.1], [0.01, 0.9], [2.3357214690901213, 0.9], [0.01438449888287663, 0.1], [1.623776739188721, 0.7], [0.7847599703514611, 0.1], [1.1288378916846884, 0.3], [2.3357214690901213, 0.3], [6.951927961775605, 0.7], [0.029763514416313176, 0.7], [0.37926901907322497, 0.1], [0.5455594781168517, 0.1], [0.26366508987303583, 0.7], [0.06158482110660264, 0.1], [0.18329807108324356, 0.7], [0.01438449888287663, 0.7], [0.04281332398719394, 0.1], [0.7847599703514611, 0.7], [1.623776739188721, 0.3], [0.0206913808111479, 0.1], [0.12742749857031335, 0.1], [1.1288378916846884, 0.9], [6.951927961775605, 0.3], [4.832930238571752, 0.1], [0.5455594781168517, 0.7], [0.029763514416313176, 0.3], [0.08858667904100823, 0.1], [0.06158482110660264, 0.7], [3.359818286283781, 0.1], [0.26366508987303583, 0.3], [10.0, 0.1]]}